URL,Titel,Description,H1,H2 1,H2 2,H2 3,H2 4,Sökord 1,Sökord 2,Sökord 3,Sökord 4,Sökord 5,Textlängd
/,Digital Marknadsföring – Fler kunder ökad försäljning | new customers,Vi är en byrå för digital marknadsföring som driver tillväxt med SEO SEM och CRO. Med vår metod Customer Intelligence 2.0 kopplar vi marknadsföring till affärsresultat.,Digital marknadsföring som driver försäljning och tillväxt,Utmaningar vi löser varje dag,Tre pelare för digital tillväxt,Digital marknadsföring under ett tak,Vanliga frågor om digital marknadsföring,digital marknadsföring,digital marknadsföring byrå,digital marknadsföringsbyrå,online marknadsföring,digital tillväxt,1500
/pris/,Digital Marknadsföring Pris – Vad kostar det? | new customers,Vad kostar digital marknadsföring? Vi erbjuder transparenta paket för SEO SEM och CRO. Se priser och boka ett kostnadsfritt strategisamtal.,Digital Marknadsföring Pris,Vad kostar digital marknadsföring?,Våra paketlösningar,Vad ingår i priset?,Vanliga frågor om pris,digital marknadsföring pris,vad kostar digital marknadsföring,digital marknadsföring kostnad,marknadsföring pris,digital byrå pris,1000
/e-handel/,Digital Marknadsföring E-handel – Öka din försäljning online | new customers,Digital marknadsföring för e-handel som driver trafik och försäljning. SEO Google Ads och CRO anpassat för webbutiker och e-handelsplattformar.,Digital Marknadsföring E-handel,Utmaningar för e-handlare,SEO och Google Ads för e-handel,Konverteringsoptimering för webbutiker,Vanliga frågor om e-handel,digital marknadsföring e-handel,e-handel marknadsföring,marknadsföring webbutik,e-handel seo,e-handel google ads,1200
/byra/,Digital Marknadsföring Byrå – Din partner för digital tillväxt | new customers,Vi är en digital marknadsföringsbyrå som hjälper företag att växa med SEO Google Ads och CRO. Resultatdriven strategi kopplad till era affärsmål.,Digital Marknadsföring Byrå,Varför välja en digital marknadsföringsbyrå?,Så arbetar vi,Tjänster vi erbjuder,Vanliga frågor om digital byrå,digital marknadsföring byrå,digital byrå,marknadsföringsbyrå,digital byrå sverige,bästa digitala byrån,1200
/byra/stockholm/,Digital Marknadsföring Byrå Stockholm | new customers,Digital marknadsföringsbyrå i Stockholm. Vi hjälper företag i Stockholm att växa med SEO Google Ads och konverteringsoptimering.,Digital Marknadsföring Byrå Stockholm,Lokal expertis i Stockholm,Tjänster för Stockholmsföretag,Resultat för kunder i Stockholm,Vanliga frågor,digital marknadsföring byrå stockholm,digital byrå stockholm,marknadsföringsbyrå stockholm,webbyrå stockholm,seo byrå stockholm,800
/byra/goteborg/,Digital Marknadsföring Byrå Göteborg | new customers,Digital marknadsföringsbyrå i Göteborg. Vi driver tillväxt med SEO Google Ads och CRO för företag i Göteborgsregionen.,Digital Marknadsföring Byrå Göteborg,Lokal expertis i Göteborg,Tjänster för företag i Göteborg,Resultat för kunder i Västsverige,Vanliga frågor,digital marknadsföring byrå göteborg,digital byrå göteborg,marknadsföringsbyrå göteborg,webbyrå göteborg,seo byrå göteborg,800
/byra/malmo/,Digital Marknadsföring Byrå Malmö | new customers,Digital marknadsföringsbyrå i Malmö. Vi hjälper företag i Skåne att växa digitalt med SEO Google Ads och CRO.,Digital Marknadsföring Byrå Malmö,Lokal expertis i Malmö,Tjänster för företag i Skåne,Resultat för kunder i Öresundsregionen,Vanliga frågor,digital marknadsföring byrå malmö,digital byrå malmö,marknadsföringsbyrå malmö,webbyrå malmö,seo byrå malmö,800
/konsult/,Digital Marknadsföring Konsult – Expert som förstår affär | new customers,Erfaren konsult inom digital marknadsföring. Vi hjälper er med strategi SEO Google Ads och CRO – anpassat efter era affärsmål.,Digital Marknadsföring Konsult,Varför anlita en konsult?,Vad gör en digital marknadsföringskonsult?,Så samarbetar vi,Vanliga frågor om konsulttjänster,digital marknadsföring konsult,marknadsföringskonsult,digital konsult,digital strateg,marknadsföring rådgivning,1000
/konsult/pris/,Digital Marknadsföring Konsult Pris | new customers,Vad kostar en konsult inom digital marknadsföring? Transparenta priser för strategi SEO och Google Ads-rådgivning.,Digital Marknadsföring Konsult Pris,Vad kostar en digital konsult?,Prismodeller och upplägg,Vad ingår i konsulttjänsten?,Vanliga frågor om pris,digital marknadsföring konsult pris,marknadsföringskonsult kostnad,digital konsult pris,digital rådgivning pris,konsult timpris,700
/konsult/stockholm/,Digital Marknadsföring Konsult Stockholm | new customers,Konsult inom digital marknadsföring i Stockholm. Experthjälp med SEO Google Ads och digital strategi för Stockholmsföretag.,Digital Marknadsföring Konsult Stockholm,Konsulthjälp i Stockholm,Tjänster för Stockholmsföretag,Resultat vi levererat,Vanliga frågor,digital marknadsföring konsult stockholm,digital konsult stockholm,marknadsföringskonsult stockholm,seo konsult stockholm,digital strateg stockholm,700
/konsult/goteborg/,Digital Marknadsföring Konsult Göteborg | new customers,Konsult inom digital marknadsföring i Göteborg. Strategisk rådgivning inom SEO Google Ads och CRO för företag i Västsverige.,Digital Marknadsföring Konsult Göteborg,Konsulthjälp i Göteborg,Tjänster för företag i Göteborg,Resultat vi levererat,Vanliga frågor,digital marknadsföring konsult göteborg,digital konsult göteborg,marknadsföringskonsult göteborg,seo konsult göteborg,digital strateg göteborg,700
/konsult/malmo/,Digital Marknadsföring Konsult Malmö | new customers,Konsult inom digital marknadsföring i Malmö. Experthjälp med SEO Google Ads och CRO för företag i Skåne.,Digital Marknadsföring Konsult Malmö,Konsulthjälp i Malmö,Tjänster för företag i Skåne,Resultat vi levererat,Vanliga frågor,digital marknadsföring konsult malmö,digital konsult malmö,marknadsföringskonsult malmö,seo konsult malmö,digital strateg malmö,700
,,,,,,,,,,,,,
/seo/,SEO – Sökmotoroptimering som driver fler kunder | new customers,Professionell SEO som ökar er organiska synlighet och driver kvalificerad trafik. Teknisk SEO innehållsstrategi och länkbygge under ett tak.,SEO – Sökmotoroptimering som driver fler kunder,Vad är SEO?,Så arbetar vi med SEO,Våra SEO-tjänster,Vanliga frågor om SEO,seo,sökmotoroptimering,seo byrå,seo konsult,seo tjänster,1200
/seo/pris/,SEO Pris – Vad kostar sökmotoroptimering? | new customers,Vad kostar SEO? Vi erbjuder transparenta SEO-paket från 15 000 kr/mån. Se priser och boka en kostnadsfri SEO-analys.,SEO Pris,Vad kostar SEO?,SEO-paket och prisnivåer,Vad påverkar priset?,Vanliga frågor om SEO-pris,seo pris,seo kostnad,vad kostar seo,seo pris per månad,seo paket,1000
/seo/e-handel/,SEO E-handel – Öka synlighet och försäljning | new customers,SEO för e-handel som driver organisk trafik och försäljning. Produktoptimering kategorisidor och teknisk SEO för webbutiker.,SEO E-handel,Varför SEO för e-handel?,Så optimerar vi din webbutik,SEO för olika e-handelsplattformar,Vanliga frågor om SEO e-handel,seo e-handel,seo webbutik,seo shopify,seo woocommerce,e-handel seo,1000
/seo/byra/,SEO Byrå – Organisk tillväxt med mätbara resultat | new customers,Vi är en SEO-byrå som driver organisk tillväxt med bevisade resultat. Teknisk SEO innehållsstrategi och länkbygge – allt under ett tak.,SEO-byrån som levererar mätbar och hållbar tillväxt,Utmaningar vi löser varje dag,Tre pelare för hållbar SEO-tillväxt,Allt du behöver under ett tak,Vanliga frågor om SEO-byrå,seo byrå,bästa seo byrån,seo byrå sverige,professionell seo byrå,seo företag,1500
/seo/byra/stockholm/,SEO Byrå Stockholm – Lokal och nationell synlighet | new customers,SEO-byrå i Stockholm som driver organisk tillväxt. Teknisk SEO innehåll och länkbygge för Stockholmsföretag. Boka kostnadsfri analys.,SEO Byrå Stockholm,Lokal SEO-expertis i Stockholm,Så hjälper vi Stockholmsföretag,Resultat för kunder i Stockholm,Vanliga frågor,seo byrå stockholm,seo företag stockholm,sökmotoroptimering stockholm,lokal seo stockholm,digital byrå seo stockholm,800
/seo/byra/goteborg/,SEO Byrå Göteborg – Organisk tillväxt i Västsverige | new customers,SEO-byrå i Göteborg som driver organisk tillväxt. Teknisk SEO innehållsstrategi och länkbygge för företag i Göteborgsregionen.,SEO Byrå Göteborg,Lokal SEO-expertis i Göteborg,Så hjälper vi företag i Göteborg,Resultat för kunder i Västsverige,Vanliga frågor,seo byrå göteborg,seo företag göteborg,sökmotoroptimering göteborg,lokal seo göteborg,digital byrå seo göteborg,800
/seo/byra/malmo/,SEO Byrå Malmö – Organisk tillväxt i Skåne | new customers,SEO-byrå i Malmö som driver organisk tillväxt. Teknisk SEO innehållsstrategi och länkbygge för företag i Öresundsregionen.,SEO Byrå Malmö,Lokal SEO-expertis i Malmö,Så hjälper vi företag i Skåne,Resultat för kunder i Öresundsregionen,Vanliga frågor,seo byrå malmö,seo företag malmö,sökmotoroptimering malmö,lokal seo malmö,digital byrå seo malmö,800
/seo/konsult/,SEO Konsult – Experthjälp med sökmotoroptimering | new customers,Erfaren SEO-konsult som hjälper er att öka organisk synlighet. Audit innehållsstrategi och teknisk SEO kopplat till affärsresultat.,SEO Konsult,Varför anlita en SEO-konsult?,Vad gör en SEO-konsult?,Så samarbetar vi,Vanliga frågor om SEO-konsult,seo konsult,seo expert,seo specialist,frilans seo,seo rådgivning,1000
/seo/konsult/pris/,SEO Konsult Pris – Vad kostar en SEO-expert? | new customers,Vad kostar en SEO-konsult? Transparenta priser för SEO-audit löpande optimering och strategisk rådgivning.,SEO Konsult Pris,Vad kostar en SEO-konsult?,Prismodeller och upplägg,Vad ingår i tjänsten?,Vanliga frågor om pris,seo konsult pris,seo konsult kostnad,seo expert pris,seo rådgivning pris,seo konsult timpris,700
/seo/konsult/stockholm/,SEO Konsult Stockholm – Lokal SEO-expertis | new customers,SEO-konsult i Stockholm. Experthjälp med sökmotoroptimering audit och innehållsstrategi för Stockholmsföretag.,SEO Konsult Stockholm,SEO-expertis i Stockholm,Tjänster för Stockholmsföretag,Resultat vi levererat,Vanliga frågor,seo konsult stockholm,seo expert stockholm,seo specialist stockholm,frilans seo stockholm,seo rådgivning stockholm,700
/seo/konsult/goteborg/,SEO Konsult Göteborg – Lokal SEO-expertis | new customers,SEO-konsult i Göteborg. Experthjälp med sökmotoroptimering audit och innehållsstrategi för företag i Västsverige.,SEO Konsult Göteborg,SEO-expertis i Göteborg,Tjänster för företag i Göteborg,Resultat vi levererat,Vanliga frågor,seo konsult göteborg,seo expert göteborg,seo specialist göteborg,frilans seo göteborg,seo rådgivning göteborg,700
/seo/konsult/malmo/,SEO Konsult Malmö – Lokal SEO-expertis | new customers,SEO-konsult i Malmö. Experthjälp med sökmotoroptimering audit och innehållsstrategi för företag i Skåne.,SEO Konsult Malmö,SEO-expertis i Malmö,Tjänster för företag i Skåne,Resultat vi levererat,Vanliga frågor,seo konsult malmö,seo expert malmö,seo specialist malmö,frilans seo malmö,seo rådgivning malmö,700
,,,,,,,,,,,,,
/ads/,Google Ads – Betald sökannonsering som konverterar | new customers,Vi skapar lönsamma Google Ads-kampanjer som når rätt kunder i rätt ögonblick. Datadriven annonsering med fokus på ROI.,Google Ads,Varför Google Ads?,Så arbetar vi med Google Ads,Våra Google Ads-tjänster,Vanliga frågor om Google Ads,google ads,google ads byrå,google annonsering,ppc byrå,sökannonsering,1200
/ads/e-handel/,Google Ads E-handel – Skala din webbutik | new customers,Google Ads för e-handel som driver försäljning. Shopping-annonser sökannonser och remarketing optimerat för din webbutik.,Google Ads E-handel,Varför Google Ads för e-handel?,Shopping Ads och Performance Max,Remarketing och dynamiska annonser,Vanliga frågor om Ads e-handel,google ads e-handel,shopping ads,google merchant center,ads webbutik,ppc e-handel,1000
/ads/byra/,Google Ads Byrå – Lönsam annonsering med mätbara resultat | new customers,Vi är en Google Ads-byrå som skapar lönsam annonsering. Datadriven kampanjstyrning och löpande optimering för maximal ROI.,Google Ads byrå som skapar lönsam annonsering,Utmaningar vi löser,Vår metod för Google Ads,Tjänster vi erbjuder,Vanliga frågor om Google Ads-byrå,google ads byrå,ads byrå,ppc byrå,annonseringsbyrå google,google ads företag,1200
/ads/byra/pris/,Google Ads Byrå Pris – Vad kostar Google Ads-hantering? | new customers,Vad kostar det att anlita en Google Ads-byrå? Transparenta priser för kampanjhantering optimering och rapportering.,Google Ads Byrå Pris,Vad kostar en Google Ads-byrå?,Prismodeller och upplägg,Vad ingår i hanteringen?,Vanliga frågor om pris,google ads byrå pris,ads byrå kostnad,ppc byrå pris,google ads kostnad,google ads hantering pris,700
/ads/byra/stockholm/,Google Ads Byrå Stockholm | new customers,Google Ads-byrå i Stockholm. Vi skapar lönsamma annonskampanjer som driver leads och försäljning för Stockholmsföretag.,Google Ads Byrå Stockholm,Google Ads-expertis i Stockholm,Tjänster för Stockholmsföretag,Resultat för kunder i Stockholm,Vanliga frågor,google ads byrå stockholm,ads byrå stockholm,ppc byrå stockholm,google annonsering stockholm,sökannonsering stockholm,700
/ads/byra/goteborg/,Google Ads Byrå Göteborg | new customers,Google Ads-byrå i Göteborg. Lönsamma annonskampanjer som driver leads och försäljning för företag i Västsverige.,Google Ads Byrå Göteborg,Google Ads-expertis i Göteborg,Tjänster för företag i Göteborg,Resultat för kunder i Västsverige,Vanliga frågor,google ads byrå göteborg,ads byrå göteborg,ppc byrå göteborg,google annonsering göteborg,sökannonsering göteborg,700
/ads/byra/malmo/,Google Ads Byrå Malmö | new customers,Google Ads-byrå i Malmö. Lönsamma annonskampanjer som driver leads och försäljning för företag i Skåne.,Google Ads Byrå Malmö,Google Ads-expertis i Malmö,Tjänster för företag i Skåne,Resultat för kunder i Öresundsregionen,Vanliga frågor,google ads byrå malmö,ads byrå malmö,ppc byrå malmö,google annonsering malmö,sökannonsering malmö,700
/ads/konsult/,Google Ads Konsult – Expert på betald sökannonsering | new customers,Erfaren Google Ads-konsult som optimerar era kampanjer för maximal avkastning. Audit strategi och löpande rådgivning.,Google Ads Konsult,Varför anlita en Google Ads-konsult?,Vad gör en Ads-konsult?,Så samarbetar vi,Vanliga frågor om Ads-konsult,google ads konsult,ppc konsult,ads specialist,google annonsering konsult,annonseringskonsult,1000
/ads/konsult/pris/,Google Ads Konsult Pris – Vad kostar en Ads-expert? | new customers,Vad kostar en Google Ads-konsult? Transparenta priser för kampanjaudit optimering och strategisk rådgivning.,Google Ads Konsult Pris,Vad kostar en Ads-konsult?,Prismodeller och upplägg,Vad ingår?,Vanliga frågor om pris,google ads konsult pris,ppc konsult pris,ads konsult kostnad,google ads timpris,annonseringskonsult pris,700
/ads/konsult/stockholm/,Google Ads Konsult Stockholm | new customers,Google Ads-konsult i Stockholm. Experthjälp med kampanjoptimering och strategisk annonsering för Stockholmsföretag.,Google Ads Konsult Stockholm,Ads-expertis i Stockholm,Tjänster för Stockholmsföretag,Resultat vi levererat,Vanliga frågor,google ads konsult stockholm,ppc konsult stockholm,ads specialist stockholm,google annonsering konsult stockholm,ads rådgivning stockholm,700
/ads/konsult/goteborg/,Google Ads Konsult Göteborg | new customers,Google Ads-konsult i Göteborg. Experthjälp med kampanjoptimering och strategisk annonsering för företag i Västsverige.,Google Ads Konsult Göteborg,Ads-expertis i Göteborg,Tjänster för företag i Göteborg,Resultat vi levererat,Vanliga frågor,google ads konsult göteborg,ppc konsult göteborg,ads specialist göteborg,google annonsering konsult göteborg,ads rådgivning göteborg,700
/ads/konsult/malmo/,Google Ads Konsult Malmö | new customers,Google Ads-konsult i Malmö. Experthjälp med kampanjoptimering och strategisk annonsering för företag i Skåne.,Google Ads Konsult Malmö,Ads-expertis i Malmö,Tjänster för företag i Skåne,Resultat vi levererat,Vanliga frågor,google ads konsult malmö,ppc konsult malmö,ads specialist malmö,google annonsering konsult malmö,ads rådgivning malmö,700
,,,,,,,,,,,,,
/sem/,SEM – Sökmarknadsföring som driver kvalificerad trafik | new customers,SEM som kombinerar SEO och Google Ads för maximal synlighet i sökresultaten. Datadriven sökmarknadsföring med fokus på affärsresultat.,SEM – Sökmarknadsföring som driver kvalificerad trafik,Vad är SEM?,Så arbetar vi med SEM,Våra SEM-tjänster,Vanliga frågor om SEM,sem,sökmarknadsföring,search engine marketing,sem byrå,ppc,1200
/sem/e-handel/,SEM E-handel – Sökmarknadsföring för webbutiker | new customers,SEM för e-handel som driver trafik och försäljning. Kombinerad sökmotoroptimering och sökannonsering för din webbutik.,SEM E-handel,Varför SEM för e-handel?,SEO och Ads i samspel,Shopping-annonser och organisk synlighet,Vanliga frågor om SEM e-handel,sem e-handel,sökmarknadsföring e-handel,shopping annonser,sökannonsering webbutik,e-handel sem,1000
/sem/byra/,SEM Byrå – Helhetslösning för sökmarknadsföring | new customers,Vi är en SEM-byrå som driver resultat genom kombinerad SEO och Google Ads. Helhetsstrategi för maximal synlighet i sökmotorerna.,SEM Byrå,Varför välja en SEM-byrå?,Vår metod för sökmarknadsföring,Tjänster vi erbjuder,Vanliga frågor om SEM-byrå,sem byrå,sökmarknadsföring byrå,annonseringsbyrå sem,sem företag,sökmotor byrå,1200
/sem/byra/pris/,SEM Byrå Pris – Vad kostar sökmarknadsföring? | new customers,Vad kostar det att anlita en SEM-byrå? Transparenta priser för kombinerad SEO och Google Ads-hantering.,SEM Byrå Pris,Vad kostar en SEM-byrå?,Prismodeller och upplägg,Vad ingår?,Vanliga frågor om SEM-pris,sem byrå pris,sem byrå kostnad,sökmarknadsföring pris,annonseringsbyrå pris,sem paket pris,700
/sem/byra/stockholm/,SEM Byrå Stockholm | new customers,SEM-byrå i Stockholm. Kombinerad SEO och Google Ads-strategi som driver kvalificerad trafik för Stockholmsföretag.,SEM Byrå Stockholm,SEM-expertis i Stockholm,Tjänster för Stockholmsföretag,Resultat för kunder i Stockholm,Vanliga frågor,sem byrå stockholm,sökmarknadsföring stockholm,annonseringsbyrå stockholm,sem företag stockholm,sökmotor byrå stockholm,700
/sem/byra/goteborg/,SEM Byrå Göteborg | new customers,SEM-byrå i Göteborg. Kombinerad SEO och Google Ads-strategi som driver kvalificerad trafik för företag i Västsverige.,SEM Byrå Göteborg,SEM-expertis i Göteborg,Tjänster för företag i Göteborg,Resultat för kunder i Västsverige,Vanliga frågor,sem byrå göteborg,sökmarknadsföring göteborg,annonseringsbyrå göteborg,sem företag göteborg,sökmotor byrå göteborg,700
/sem/byra/malmo/,SEM Byrå Malmö | new customers,SEM-byrå i Malmö. Kombinerad SEO och Google Ads-strategi som driver kvalificerad trafik för företag i Skåne.,SEM Byrå Malmö,SEM-expertis i Malmö,Tjänster för företag i Skåne,Resultat för kunder i Öresundsregionen,Vanliga frågor,sem byrå malmö,sökmarknadsföring malmö,annonseringsbyrå malmö,sem företag malmö,sökmotor byrå malmö,700
/sem/konsult/,SEM Konsult – Expert på sökmarknadsföring | new customers,Erfaren SEM-konsult som optimerar er sökstrategi. Kombinerad expertis inom SEO och Google Ads för bästa affärsresultat.,SEM Konsult,Varför anlita en SEM-konsult?,Vad gör en SEM-konsult?,Så samarbetar vi,Vanliga frågor om SEM-konsult,sem konsult,sökmarknadsföring konsult,annonseringskonsult sem,sem specialist,sem rådgivning,1000
/sem/konsult/pris/,SEM Konsult Pris – Vad kostar en SEM-expert? | new customers,Vad kostar en SEM-konsult? Transparenta priser för strategisk rådgivning inom sökmotoroptimering och sökannonsering.,SEM Konsult Pris,Vad kostar en SEM-konsult?,Prismodeller och upplägg,Vad ingår?,Vanliga frågor om pris,sem konsult pris,sem konsult kostnad,sökmarknadsföring konsult pris,sem timpris,annonseringskonsult pris,700
/sem/konsult/stockholm/,SEM Konsult Stockholm | new customers,SEM-konsult i Stockholm. Experthjälp med sökmarknadsföring som kombinerar SEO och Google Ads för Stockholmsföretag.,SEM Konsult Stockholm,SEM-expertis i Stockholm,Tjänster för Stockholmsföretag,Resultat vi levererat,Vanliga frågor,sem konsult stockholm,sökmarknadsföring konsult stockholm,sem specialist stockholm,annonseringskonsult stockholm,sem rådgivning stockholm,700
/sem/konsult/goteborg/,SEM Konsult Göteborg | new customers,SEM-konsult i Göteborg. Experthjälp med sökmarknadsföring som kombinerar SEO och Google Ads för företag i Västsverige.,SEM Konsult Göteborg,SEM-expertis i Göteborg,Tjänster för företag i Göteborg,Resultat vi levererat,Vanliga frågor,sem konsult göteborg,sökmarknadsföring konsult göteborg,sem specialist göteborg,annonseringskonsult göteborg,sem rådgivning göteborg,700
/sem/konsult/malmo/,SEM Konsult Malmö | new customers,SEM-konsult i Malmö. Experthjälp med sökmarknadsföring som kombinerar SEO och Google Ads för företag i Skåne.,SEM Konsult Malmö,SEM-expertis i Malmö,Tjänster för företag i Skåne,Resultat vi levererat,Vanliga frågor,sem konsult malmö,sökmarknadsföring konsult malmö,sem specialist malmö,annonseringskonsult malmö,sem rådgivning malmö,700
,,,,,,,,,,,,,
/content/,Content Marketing – Innehåll som driver trafik och konvertering | new customers,Content marketing som bygger auktoritet och driver organisk trafik. Strategiskt innehåll kopplat till sökintention och era affärsmål.,Content Marketing,Vad är content marketing?,Så arbetar vi med innehåll,Våra content-tjänster,Vanliga frågor om content marketing,content marketing,innehållsmarknadsföring,content byrå,innehållsstrategi,content marketing byrå,1200
/content/e-handel/,Content Marketing E-handel – Innehåll som säljer | new customers,Content marketing för e-handel. Produktbeskrivningar kategoritext och blogginlägg som driver organisk trafik och försäljning.,Content Marketing E-handel,Varför content marketing för e-handel?,Innehållstyper som driver försäljning,Så mäter vi resultat,Vanliga frågor,content marketing e-handel,innehåll e-handel,produktbeskrivningar seo,blogg e-handel,content webbutik,1000
/content/byra/,Content Marketing Byrå – Strategiskt innehåll under ett tak | new customers,Vi är en content marketing-byrå som skapar strategiskt innehåll. Från sökanalys till publicering – allt kopplat till era affärsmål.,Content Marketing Byrå,Varför välja en content byrå?,Så arbetar vi med innehåll,Tjänster vi erbjuder,Vanliga frågor om content byrå,content marketing byrå,innehållsbyrå,content byrå,textbyrå,innehållsproduktion byrå,1200
/content/byra/pris/,Content Marketing Byrå Pris – Vad kostar innehållsproduktion? | new customers,Vad kostar en content marketing-byrå? Transparenta priser för innehållsstrategi textproduktion och löpande publicering.,Content Marketing Byrå Pris,Vad kostar content marketing?,Prismodeller och upplägg,Vad ingår?,Vanliga frågor om pris,content marketing pris,innehållsproduktion pris,textbyrå pris,content byrå kostnad,bloggtexter pris,700
/content/byra/stockholm/,Content Marketing Byrå Stockholm | new customers,Content marketing-byrå i Stockholm. Strategiskt innehåll som driver trafik och konvertering för Stockholmsföretag.,Content Marketing Byrå Stockholm,Content-expertis i Stockholm,Tjänster för Stockholmsföretag,Resultat för kunder i Stockholm,Vanliga frågor,content marketing byrå stockholm,innehållsbyrå stockholm,textbyrå stockholm,content byrå stockholm,innehållsproduktion stockholm,700
/content/byra/goteborg/,Content Marketing Byrå Göteborg | new customers,Content marketing-byrå i Göteborg. Strategiskt innehåll som driver trafik och konvertering för företag i Västsverige.,Content Marketing Byrå Göteborg,Content-expertis i Göteborg,Tjänster för företag i Göteborg,Resultat vi levererat,Vanliga frågor,content marketing byrå göteborg,innehållsbyrå göteborg,textbyrå göteborg,content byrå göteborg,innehållsproduktion göteborg,700
/content/byra/malmo/,Content Marketing Byrå Malmö | new customers,Content marketing-byrå i Malmö. Strategiskt innehåll som driver trafik och konvertering för företag i Skåne.,Content Marketing Byrå Malmö,Content-expertis i Malmö,Tjänster för företag i Skåne,Resultat vi levererat,Vanliga frågor,content marketing byrå malmö,innehållsbyrå malmö,textbyrå malmö,content byrå malmö,innehållsproduktion malmö,700
/content/konsult/,Content Marketing Konsult – Expert på innehållsstrategi | new customers,Erfaren content marketing-konsult som hjälper er bygga en innehållsstrategi kopplad till sökintention och affärsmål.,Content Marketing Konsult,Varför anlita en content-konsult?,Vad gör en content-konsult?,Så samarbetar vi,Vanliga frågor,content marketing konsult,innehållskonsult,content konsult,innehållsstrateg,content rådgivning,1000
/content/konsult/pris/,Content Marketing Konsult Pris | new customers,Vad kostar en content marketing-konsult? Transparenta priser för strategisk rådgivning och innehållsplanering.,Content Marketing Konsult Pris,Vad kostar en content-konsult?,Prismodeller och upplägg,Vad ingår?,Vanliga frågor om pris,content konsult pris,innehållskonsult pris,content marketing konsult kostnad,innehållsstrateg pris,content rådgivning pris,700
/content/konsult/stockholm/,Content Marketing Konsult Stockholm | new customers,Content marketing-konsult i Stockholm. Experthjälp med innehållsstrategi och textproduktion för Stockholmsföretag.,Content Marketing Konsult Stockholm,Content-expertis i Stockholm,Tjänster för Stockholmsföretag,Resultat vi levererat,Vanliga frågor,content konsult stockholm,innehållskonsult stockholm,innehållsstrateg stockholm,content marketing stockholm,textproduktion stockholm,700
/content/konsult/goteborg/,Content Marketing Konsult Göteborg | new customers,Content marketing-konsult i Göteborg. Experthjälp med innehållsstrategi och textproduktion för företag i Västsverige.,Content Marketing Konsult Göteborg,Content-expertis i Göteborg,Tjänster för företag i Göteborg,Resultat vi levererat,Vanliga frågor,content konsult göteborg,innehållskonsult göteborg,innehållsstrateg göteborg,content marketing göteborg,textproduktion göteborg,700
/content/konsult/malmo/,Content Marketing Konsult Malmö | new customers,Content marketing-konsult i Malmö. Experthjälp med innehållsstrategi och textproduktion för företag i Skåne.,Content Marketing Konsult Malmö,Content-expertis i Malmö,Tjänster för företag i Skåne,Resultat vi levererat,Vanliga frågor,content konsult malmö,innehållskonsult malmö,innehållsstrateg malmö,content marketing malmö,textproduktion malmö,700
,,,,,,,,,,,,,
/copywriter/,Copywriter – Texter som konverterar och rankar | new customers,Professionell copywriter som skriver texter för webb SEO och annonsering. Konverteringsoptimerade texter kopplade till era affärsmål.,Copywriter,Vad gör en copywriter?,Så arbetar vi med copy,Våra copywriting-tjänster,Vanliga frågor om copywriting,copywriter,copywriting,webbtextare,seo copywriter,copywriter byrå,1200
/copywriter/e-handel/,Copywriter E-handel – Texter som säljer mer | new customers,Copywriter för e-handel. Produktbeskrivningar kategoritext och säljande copy som driver konvertering och organisk trafik.,Copywriter E-handel,Varför copywriter för e-handel?,Texttyper som driver försäljning,Så mäter vi resultat,Vanliga frågor,copywriter e-handel,produkttexter e-handel,produktbeskrivningar,e-handel copywriter,säljande texter webbutik,1000
/copywriter/byra/,Copywriter Byrå – Professionella texter under ett tak | new customers,Vi är en copywriting-byrå som skapar konverteringsoptimerade texter. Webbcopy säljtexter och SEO-innehåll för alla kanaler.,Copywriter Byrå,Varför välja en copywriting-byrå?,Så arbetar vi med texter,Tjänster vi erbjuder,Vanliga frågor om copywriter byrå,copywriter byrå,copywriting byrå,textbyrå,webbtexter byrå,professionell copywriter,1200
/copywriter/byra/pris/,Copywriter Byrå Pris – Vad kostar professionell copywriting? | new customers,Vad kostar en copywriter-byrå? Transparenta priser för webbtexter SEO-copy och konverteringsoptimerat innehåll.,Copywriter Byrå Pris,Vad kostar copywriting?,Prismodeller och upplägg,Vad ingår?,Vanliga frågor om pris,copywriter pris,copywriting pris,webbtexter pris,textbyrå pris,copywriter kostnad,700
/copywriter/byra/stockholm/,Copywriter Byrå Stockholm | new customers,Copywriting-byrå i Stockholm. Professionella texter som konverterar och rankar för Stockholmsföretag.,Copywriter Byrå Stockholm,Copywriting-expertis i Stockholm,Tjänster för Stockholmsföretag,Resultat vi levererat,Vanliga frågor,copywriter byrå stockholm,copywriting stockholm,textbyrå stockholm,webbtextare stockholm,professionell copywriter stockholm,700
/copywriter/byra/goteborg/,Copywriter Byrå Göteborg | new customers,Copywriting-byrå i Göteborg. Professionella texter som konverterar och rankar för företag i Västsverige.,Copywriter Byrå Göteborg,Copywriting-expertis i Göteborg,Tjänster för företag i Göteborg,Resultat vi levererat,Vanliga frågor,copywriter byrå göteborg,copywriting göteborg,textbyrå göteborg,webbtextare göteborg,professionell copywriter göteborg,700
/copywriter/byra/malmo/,Copywriter Byrå Malmö | new customers,Copywriting-byrå i Malmö. Professionella texter som konverterar och rankar för företag i Skåne.,Copywriter Byrå Malmö,Copywriting-expertis i Malmö,Tjänster för företag i Skåne,Resultat vi levererat,Vanliga frågor,copywriter byrå malmö,copywriting malmö,textbyrå malmö,webbtextare malmö,professionell copywriter malmö,700
/copywriter/konsult/,Copywriter Konsult – Expert på konverterande texter | new customers,Erfaren copywriter-konsult som skriver texter som konverterar. Webbcopy produkttexter och SEO-innehåll kopplat till era mål.,Copywriter Konsult,Varför anlita en copywriter-konsult?,Vad gör en copywriting-konsult?,Så samarbetar vi,Vanliga frågor,copywriter konsult,copywriting konsult,frilans copywriter,textskrivare konsult,copywriter expert,1000
/copywriter/konsult/pris/,Copywriter Konsult Pris | new customers,Vad kostar en copywriter-konsult? Transparenta priser för webbtexter SEO-copy och konverteringsoptimerat innehåll.,Copywriter Konsult Pris,Vad kostar en copywriter?,Prismodeller och upplägg,Vad ingår?,Vanliga frågor om pris,copywriter konsult pris,copywriting konsult pris,frilans copywriter pris,textskrivare pris,copywriter timpris,700
/copywriter/konsult/stockholm/,Copywriter Konsult Stockholm | new customers,Copywriter-konsult i Stockholm. Experthjälp med webbcopy SEO-texter och konverteringsoptimerat innehåll.,Copywriter Konsult Stockholm,Copywriting-expertis i Stockholm,Tjänster för Stockholmsföretag,Resultat vi levererat,Vanliga frågor,copywriter konsult stockholm,copywriting konsult stockholm,frilans copywriter stockholm,textskrivare stockholm,webbtextare stockholm,700
/copywriter/konsult/goteborg/,Copywriter Konsult Göteborg | new customers,Copywriter-konsult i Göteborg. Experthjälp med webbcopy SEO-texter och konverteringsoptimerat innehåll.,Copywriter Konsult Göteborg,Copywriting-expertis i Göteborg,Tjänster för företag i Göteborg,Resultat vi levererat,Vanliga frågor,copywriter konsult göteborg,copywriting konsult göteborg,frilans copywriter göteborg,textskrivare göteborg,webbtextare göteborg,700
/copywriter/konsult/malmo/,Copywriter Konsult Malmö | new customers,Copywriter-konsult i Malmö. Experthjälp med webbcopy SEO-texter och konverteringsoptimerat innehåll.,Copywriter Konsult Malmö,Copywriting-expertis i Malmö,Tjänster för företag i Skåne,Resultat vi levererat,Vanliga frågor,copywriter konsult malmö,copywriting konsult malmö,frilans copywriter malmö,textskrivare malmö,webbtextare malmö,700
,,,,,,,,,,,,,
/geo/,GEO – Generative Engine Optimization för AI-sökmotorer | new customers,GEO som optimerar ert innehåll för AI-drivna sökmotorer som Google AI Overviews ChatGPT och Perplexity. Syns där framtidens kunder söker.,GEO – Generative Engine Optimization,Vad är GEO?,Skillnaden mellan SEO och GEO,Så optimerar vi för AI-sökmotorer,Vanliga frågor om GEO,geo,generative engine optimization,ai seo,ai sökmotoroptimering,optimering ai sökning,1200
/geo/e-handel/,GEO E-handel – Syns i AI-svar när kunder handlar | new customers,GEO för e-handel som säkerställer att era produkter syns i AI-genererade svar. Optimering för Google AI Overviews och AI-assistenter.,GEO E-handel,Varför GEO för e-handel?,AI-sökning förändrar köpresan,Så optimerar vi era produktsidor,Vanliga frågor,geo e-handel,ai seo e-handel,ai sökning webbutik,generative search e-handel,ai overviews e-handel,1000
/geo/byra/,GEO Byrå – Expert på synlighet i AI-sökmotorer | new customers,Vi är en GEO-byrå som hjälper företag att synas i AI-genererade svar. Optimering för Google AI Overviews Perplexity och ChatGPT Search.,GEO Byrå,Varför välja en GEO-byrå?,Vår metod för generative engine optimization,Tjänster vi erbjuder,Vanliga frågor om GEO-byrå,geo byrå,generative engine optimization byrå,ai seo byrå,ai sökmotoroptimering byrå,geo företag,1200
/geo/byra/pris/,GEO Byrå Pris – Vad kostar generative engine optimization? | new customers,Vad kostar GEO? Transparenta priser för optimering mot AI-sökmotorer. Innehållsstruktur entitetsoptimering och AI-synlighet.,GEO Byrå Pris,Vad kostar GEO?,Prismodeller och upplägg,Vad ingår?,Vanliga frågor om pris,geo pris,generative engine optimization pris,ai seo pris,geo kostnad,ai sökmotoroptimering pris,700
/geo/byra/stockholm/,GEO Byrå Stockholm | new customers,GEO-byrå i Stockholm. Vi hjälper Stockholmsföretag att synas i AI-genererade sökresultat och AI Overviews.,GEO Byrå Stockholm,GEO-expertis i Stockholm,Tjänster för Stockholmsföretag,Resultat vi levererat,Vanliga frågor,geo byrå stockholm,ai seo stockholm,generative engine optimization stockholm,ai sökmotoroptimering stockholm,geo företag stockholm,700
/geo/byra/goteborg/,GEO Byrå Göteborg | new customers,GEO-byrå i Göteborg. Vi hjälper företag i Västsverige att synas i AI-genererade sökresultat och AI Overviews.,GEO Byrå Göteborg,GEO-expertis i Göteborg,Tjänster för företag i Göteborg,Resultat vi levererat,Vanliga frågor,geo byrå göteborg,ai seo göteborg,generative engine optimization göteborg,ai sökmotoroptimering göteborg,geo företag göteborg,700
/geo/byra/malmo/,GEO Byrå Malmö | new customers,GEO-byrå i Malmö. Vi hjälper företag i Skåne att synas i AI-genererade sökresultat och AI Overviews.,GEO Byrå Malmö,GEO-expertis i Malmö,Tjänster för företag i Skåne,Resultat vi levererat,Vanliga frågor,geo byrå malmö,ai seo malmö,generative engine optimization malmö,ai sökmotoroptimering malmö,geo företag malmö,700
/geo/konsult/,GEO Konsult – Expert på AI-sökmotoroptimering | new customers,Erfaren GEO-konsult som hjälper er att synas i AI-drivna sökmotorer. Strategi för Google AI Overviews Perplexity och ChatGPT.,GEO Konsult,Varför anlita en GEO-konsult?,Vad gör en GEO-konsult?,Så samarbetar vi,Vanliga frågor,geo konsult,generative engine optimization konsult,ai seo konsult,ai sökmotoroptimering konsult,geo specialist,1000
/geo/konsult/pris/,GEO Konsult Pris | new customers,Vad kostar en GEO-konsult? Transparenta priser för strategisk rådgivning inom generative engine optimization och AI-synlighet.,GEO Konsult Pris,Vad kostar GEO-rådgivning?,Prismodeller och upplägg,Vad ingår?,Vanliga frågor om pris,geo konsult pris,ai seo konsult pris,generative engine optimization konsult pris,geo rådgivning pris,ai sökmotoroptimering pris,700
/geo/konsult/stockholm/,GEO Konsult Stockholm | new customers,GEO-konsult i Stockholm. Experthjälp med generative engine optimization och AI-sökmotorsynlighet för Stockholmsföretag.,GEO Konsult Stockholm,GEO-expertis i Stockholm,Tjänster för Stockholmsföretag,Resultat vi levererat,Vanliga frågor,geo konsult stockholm,ai seo konsult stockholm,generative engine optimization stockholm,ai sökmotoroptimering konsult stockholm,geo specialist stockholm,700
/geo/konsult/goteborg/,GEO Konsult Göteborg | new customers,GEO-konsult i Göteborg. Experthjälp med generative engine optimization och AI-sökmotorsynlighet för företag i Västsverige.,GEO Konsult Göteborg,GEO-expertis i Göteborg,Tjänster för företag i Göteborg,Resultat vi levererat,Vanliga frågor,geo konsult göteborg,ai seo konsult göteborg,generative engine optimization göteborg,ai sökmotoroptimering konsult göteborg,geo specialist göteborg,700
/geo/konsult/malmo/,GEO Konsult Malmö | new customers,GEO-konsult i Malmö. Experthjälp med generative engine optimization och AI-sökmotorsynlighet för företag i Skåne.,GEO Konsult Malmö,GEO-expertis i Malmö,Tjänster för företag i Skåne,Resultat vi levererat,Vanliga frågor,geo konsult malmö,ai seo konsult malmö,generative engine optimization malmö,ai sökmotoroptimering konsult malmö,geo specialist malmö,700
